Frame,Timestamp,Time_Formatted,Filename
1,0,00:00,frame_0000s.jpg
2,1,00:01,frame_0001s.jpg
3,2,00:02,frame_0002s.jpg
4,3,00:03,frame_0003s.jpg
5,4,00:04,frame_0004s.jpg
6,5,00:05,frame_0005s.jpg
7,6,00:06,frame_0006s.jpg
8,7,00:07,frame_0007s.jpg
9,8,00:08,frame_0008s.jpg
10,9,00:09,frame_0009s.jpg
11,10,00:10,frame_0010s.jpg
12,11,00:11,frame_0011s.jpg
13,12,00:12,frame_0012s.jpg
14,13,00:13,frame_0013s.jpg
15,14,00:14,frame_0014s.jpg
16,15,00:15,frame_0015s.jpg
17,16,00:16,frame_0016s.jpg
18,17,00:17,frame_0017s.jpg
19,18,00:18,frame_0018s.jpg
20,19,00:19,frame_0019s.jpg
21,20,00:20,frame_0020s.jpg
22,21,00:21,frame_0021s.jpg
23,22,00:22,frame_0022s.jpg
24,23,00:23,frame_0023s.jpg
25,24,00:24,frame_0024s.jpg
26,25,00:25,frame_0025s.jpg
27,26,00:26,frame_0026s.jpg
28,27,00:27,frame_0027s.jpg
29,28,00:28,frame_0028s.jpg
30,29,00:29,frame_0029s.jpg
31,30,00:30,frame_0030s.jpg
32,31,00:31,frame_0031s.jpg
33,32,00:32,frame_0032s.jpg
34,33,00:33,frame_0033s.jpg
35,34,00:34,frame_0034s.jpg
36,35,00:35,frame_0035s.jpg
37,36,00:36,frame_0036s.jpg
38,37,00:37,frame_0037s.jpg
39,38,00:38,frame_0038s.jpg
40,39,00:39,frame_0039s.jpg
41,40,00:40,frame_0040s.jpg
42,41,00:41,frame_0041s.jpg
43,42,00:42,frame_0042s.jpg
44,43,00:43,frame_0043s.jpg
45,44,00:44,frame_0044s.jpg
46,45,00:45,frame_0045s.jpg
47,46,00:46,frame_0046s.jpg
48,47,00:47,frame_0047s.jpg
49,48,00:48,frame_0048s.jpg
50,49,00:49,frame_0049s.jpg
51,50,00:50,frame_0050s.jpg
52,51,00:51,frame_0051s.jpg
53,52,00:52,frame_0052s.jpg
54,53,00:53,frame_0053s.jpg
55,54,00:54,frame_0054s.jpg
56,55,00:55,frame_0055s.jpg
57,56,00:56,frame_0056s.jpg
58,57,00:57,frame_0057s.jpg
59,58,00:58,frame_0058s.jpg
60,59,00:59,frame_0059s.jpg
61,60,01:00,frame_0060s.jpg
62,61,01:01,frame_0061s.jpg
63,62,01:02,frame_0062s.jpg
64,63,01:03,frame_0063s.jpg
65,64,01:04,frame_0064s.jpg
66,65,01:05,frame_0065s.jpg
67,66,01:06,frame_0066s.jpg
68,67,01:07,frame_0067s.jpg
69,68,01:08,frame_0068s.jpg
70,69,01:09,frame_0069s.jpg
71,70,01:10,frame_0070s.jpg
72,71,01:11,frame_0071s.jpg
73,72,01:12,frame_0072s.jpg
74,73,01:13,frame_0073s.jpg
75,74,01:14,frame_0074s.jpg
76,75,01:15,frame_0075s.jpg
77,76,01:16,frame_0076s.jpg
78,77,01:17,frame_0077s.jpg
79,78,01:18,frame_0078s.jpg
80,79,01:19,frame_0079s.jpg
81,80,01:20,frame_0080s.jpg
82,81,01:21,frame_0081s.jpg
83,82,01:22,frame_0082s.jpg
84,83,01:23,frame_0083s.jpg
85,84,01:24,frame_0084s.jpg
86,85,01:25,frame_0085s.jpg
87,86,01:26,frame_0086s.jpg
88,87,01:27,frame_0087s.jpg
89,88,01:28,frame_0088s.jpg
90,89,01:29,frame_0089s.jpg
91,90,01:30,frame_0090s.jpg
92,91,01:31,frame_0091s.jpg
93,92,01:32,frame_0092s.jpg
94,93,01:33,frame_0093s.jpg
95,94,01:34,frame_0094s.jpg
96,95,01:35,frame_0095s.jpg
97,96,01:36,frame_0096s.jpg
98,97,01:37,frame_0097s.jpg
99,98,01:38,frame_0098s.jpg
100,99,01:39,frame_0099s.jpg
101,100,01:40,frame_0100s.jpg
102,101,01:41,frame_0101s.jpg
103,102,01:42,frame_0102s.jpg
104,103,01:43,frame_0103s.jpg
105,104,01:44,frame_0104s.jpg
106,105,01:45,frame_0105s.jpg
107,106,01:46,frame_0106s.jpg
108,107,01:47,frame_0107s.jpg
109,108,01:48,frame_0108s.jpg
110,109,01:49,frame_0109s.jpg
111,110,01:50,frame_0110s.jpg
112,111,01:51,frame_0111s.jpg
113,112,01:52,frame_0112s.jpg
114,113,01:53,frame_0113s.jpg
115,114,01:54,frame_0114s.jpg
116,115,01:55,frame_0115s.jpg
117,116,01:56,frame_0116s.jpg
118,117,01:57,frame_0117s.jpg
119,118,01:58,frame_0118s.jpg
120,119,01:59,frame_0119s.jpg
121,120,02:00,frame_0120s.jpg
122,121,02:01,frame_0121s.jpg
123,122,02:02,frame_0122s.jpg
124,123,02:03,frame_0123s.jpg
125,124,02:04,frame_0124s.jpg
126,125,02:05,frame_0125s.jpg
127,126,02:06,frame_0126s.jpg
128,127,02:07,frame_0127s.jpg
129,128,02:08,frame_0128s.jpg
130,129,02:09,frame_0129s.jpg
131,130,02:10,frame_0130s.jpg
132,131,02:11,frame_0131s.jpg
133,132,02:12,frame_0132s.jpg
134,133,02:13,frame_0133s.jpg
135,134,02:14,frame_0134s.jpg
136,135,02:15,frame_0135s.jpg
137,136,02:16,frame_0136s.jpg
138,137,02:17,frame_0137s.jpg
139,138,02:18,frame_0138s.jpg
140,139,02:19,frame_0139s.jpg
141,140,02:20,frame_0140s.jpg
142,141,02:21,frame_0141s.jpg
143,142,02:22,frame_0142s.jpg
144,143,02:23,frame_0143s.jpg
145,144,02:24,frame_0144s.jpg
146,145,02:25,frame_0145s.jpg
147,146,02:26,frame_0146s.jpg
148,147,02:27,frame_0147s.jpg
149,148,02:28,frame_0148s.jpg
150,149,02:29,frame_0149s.jpg
151,150,02:30,frame_0150s.jpg
152,151,02:31,frame_0151s.jpg
153,152,02:32,frame_0152s.jpg
154,153,02:33,frame_0153s.jpg
155,154,02:34,frame_0154s.jpg
156,155,02:35,frame_0155s.jpg
157,156,02:36,frame_0156s.jpg
158,157,02:37,frame_0157s.jpg
159,158,02:38,frame_0158s.jpg
160,159,02:39,frame_0159s.jpg
161,160,02:40,frame_0160s.jpg
162,161,02:41,frame_0161s.jpg
163,162,02:42,frame_0162s.jpg
164,163,02:43,frame_0163s.jpg
165,164,02:44,frame_0164s.jpg
166,165,02:45,frame_0165s.jpg
167,166,02:46,frame_0166s.jpg
168,167,02:47,frame_0167s.jpg
169,168,02:48,frame_0168s.jpg
170,169,02:49,frame_0169s.jpg
171,170,02:50,frame_0170s.jpg
172,171,02:51,frame_0171s.jpg
173,172,02:52,frame_0172s.jpg
174,173,02:53,frame_0173s.jpg
175,174,02:54,frame_0174s.jpg
176,175,02:55,frame_0175s.jpg
177,176,02:56,frame_0176s.jpg
178,177,02:57,frame_0177s.jpg
179,178,02:58,frame_0178s.jpg
180,179,02:59,frame_0179s.jpg
181,180,03:00,frame_0180s.jpg
182,181,03:01,frame_0181s.jpg
183,182,03:02,frame_0182s.jpg
184,183,03:03,frame_0183s.jpg
185,184,03:04,frame_0184s.jpg
186,185,03:05,frame_0185s.jpg
187,186,03:06,frame_0186s.jpg
188,187,03:07,frame_0187s.jpg
189,188,03:08,frame_0188s.jpg
190,189,03:09,frame_0189s.jpg
191,190,03:10,frame_0190s.jpg
192,191,03:11,frame_0191s.jpg
193,192,03:12,frame_0192s.jpg
194,193,03:13,frame_0193s.jpg
195,194,03:14,frame_0194s.jpg
196,195,03:15,frame_0195s.jpg
197,196,03:16,frame_0196s.jpg
198,197,03:17,frame_0197s.jpg
199,198,03:18,frame_0198s.jpg
200,199,03:19,frame_0199s.jpg
201,200,03:20,frame_0200s.jpg
202,201,03:21,frame_0201s.jpg
203,202,03:22,frame_0202s.jpg
204,203,03:23,frame_0203s.jpg
205,204,03:24,frame_0204s.jpg
206,205,03:25,frame_0205s.jpg
207,206,03:26,frame_0206s.jpg
208,207,03:27,frame_0207s.jpg
209,208,03:28,frame_0208s.jpg
210,209,03:29,frame_0209s.jpg
211,210,03:30,frame_0210s.jpg
212,211,03:31,frame_0211s.jpg
213,212,03:32,frame_0212s.jpg
214,213,03:33,frame_0213s.jpg
215,214,03:34,frame_0214s.jpg
216,215,03:35,frame_0215s.jpg
217,216,03:36,frame_0216s.jpg
218,217,03:37,frame_0217s.jpg
219,218,03:38,frame_0218s.jpg
220,219,03:39,frame_0219s.jpg
221,220,03:40,frame_0220s.jpg
222,221,03:41,frame_0221s.jpg
223,222,03:42,frame_0222s.jpg
224,223,03:43,frame_0223s.jpg
225,224,03:44,frame_0224s.jpg
226,225,03:45,frame_0225s.jpg
227,226,03:46,frame_0226s.jpg
228,227,03:47,frame_0227s.jpg
229,228,03:48,frame_0228s.jpg
230,229,03:49,frame_0229s.jpg
231,230,03:50,frame_0230s.jpg
232,231,03:51,frame_0231s.jpg
233,232,03:52,frame_0232s.jpg
234,233,03:53,frame_0233s.jpg
235,234,03:54,frame_0234s.jpg
236,235,03:55,frame_0235s.jpg
237,236,03:56,frame_0236s.jpg
238,237,03:57,frame_0237s.jpg
239,238,03:58,frame_0238s.jpg
240,239,03:59,frame_0239s.jpg
241,240,04:00,frame_0240s.jpg
242,241,04:01,frame_0241s.jpg
243,242,04:02,frame_0242s.jpg
244,243,04:03,frame_0243s.jpg
245,244,04:04,frame_0244s.jpg
246,245,04:05,frame_0245s.jpg
247,246,04:06,frame_0246s.jpg
248,247,04:07,frame_0247s.jpg
249,248,04:08,frame_0248s.jpg
250,249,04:09,frame_0249s.jpg
251,250,04:10,frame_0250s.jpg
252,251,04:11,frame_0251s.jpg
253,252,04:12,frame_0252s.jpg
254,253,04:13,frame_0253s.jpg
255,254,04:14,frame_0254s.jpg
256,255,04:15,frame_0255s.jpg
257,256,04:16,frame_0256s.jpg
258,257,04:17,frame_0257s.jpg
259,258,04:18,frame_0258s.jpg
260,259,04:19,frame_0259s.jpg
